product_id,name,size,category,price,image,timestamp,quantity,created_at,description,weight,width,height,length
289f76d7-1b80-46f9-8ca5-b127750ea36e,testr,GG,Cropped,0.5,https://res.cloudinary.com/dkv36tk2k/image/upload/v1771550327/shopnaw_products/shirt_7680dc53-7f0b-464c-bd2f-93357a5d81d7.png,2026-02-20 01:18:49.064+00,0,2026-02-20 01:18:49.084114,"",0.300,11,2,16
f220af5e-cf1b-46df-9d11-4454c9cf2341,T-shirt ,M,Muscle,45.00,https://res.cloudinary.com/dkv36tk2k/image/upload/v1770515306/shopnaw_products/IMG3495_995fe1a1-9279-42c7-b4db-ab41dc427a49.jpg,2026-02-08 04:54:48.144371+00,1,2026-02-08 01:48:26.702108,"",0.250,30,50,2
a0016c8a-f2ed-48ab-b4ba-2e99fad5f035,T-shirt ,M,Muscle,45.00,https://res.cloudinary.com/dkv36tk2k/image/upload/v1770515350/shopnaw_products/IMG3496_3d384474-e25d-4026-9cfb-6b5aededd18b.jpg,2026-02-08 04:54:48.144371+00,1,2026-02-08 01:49:11.154334,"",0.250,30,50,2
5ed73711-b810-4157-bc87-19f3a86cd905,T-shirt ,M,Tradicional ,45.00,https://res.cloudinary.com/dkv36tk2k/image/upload/v1770515718/shopnaw_products/IMG3499_61bfd388-db10-42e8-abbb-4f5e67c1f0d9.jpg,2026-02-08 04:54:48.144371+00,1,2026-02-08 01:55:19.251479,"",0.250,30,50,2
db8249ff-a40e-4cae-a130-b4d306da298e,T-shirt,M,Tradicional ,45.00,https://res.cloudinary.com/dkv36tk2k/image/upload/v1770515880/shopnaw_products/IMG3503_f9ee9084-c955-419a-bf93-96ac524dbfc4.jpg,2026-02-08 04:54:48.144371+00,1,2026-02-08 01:58:00.465835,"",0.250,30,50,2
a8933cfa-b149-4044-a8b4-a8c50a1379a8,T-shirt,M,Tradicional ,45.00,https://res.cloudinary.com/dkv36tk2k/image/upload/v1770515756/shopnaw_products/IMG3500_6023aac4-8551-4279-b0bd-877024c605d0.jpg,2026-02-08 04:54:48.144371+00,1,2026-02-08 01:55:57.026015,"",0.250,30,50,2
365a355b-f809-4bd7-a958-0ed56243be0c,T-shirt ,M,Tradicional ,45.00,https://res.cloudinary.com/dkv36tk2k/image/upload/v1770515921/shopnaw_products/IMG3504_7652c361-0e84-4836-8e63-58ff40d44487.jpg,2026-02-08 04:54:48.144371+00,1,2026-02-08 01:58:42.372335,"",0.250,30,50,2
cb531e20-e1ec-418a-a32e-c26b909326ca,T-shirt ,M,Tradicional ,45.00,https://res.cloudinary.com/dkv36tk2k/image/upload/v1770516481/shopnaw_products/IMG3506_88494432-ba72-4db9-b452-5d6d127fc75f.jpg,2026-02-08 04:54:48.144371+00,1,2026-02-08 02:08:02.471362,"",0.250,30,50,2
b3b93478-8ee1-4558-b353-96f15cd53ed6,T-shirt ,M,Tradicional ,45.00,https://res.cloudinary.com/dkv36tk2k/image/upload/v1770516526/shopnaw_products/IMG3507_8fa7d948-3799-43d3-a0a3-6c6ba01d8174.jpg,2026-02-08 04:54:48.144371+00,1,2026-02-08 02:08:47.630329,"",0.250,30,50,2
13b61cd3-92bc-492d-91dd-40c5d9a191b3,T-shirt ,G,Regata,45,https://res.cloudinary.com/dkv36tk2k/image/upload/v1771388080/shopnaw_products/IMG4162_27eef3ae-7a2f-45a3-8c8a-9020dd307f19.jpg,2026-02-08 04:54:48.144371+00,1,2026-02-18 04:14:41.147921,"",0.300,11,2,16
8533bbe0-3abf-4524-93b0-b73058a6c84e,T-shirt,M,Tradicional ,45,https://res.cloudinary.com/dkv36tk2k/image/upload/v1770516546/shopnaw_products/WhatsAppImage20260207at23_63a0b40a-9b7a-4254-9d6c-28bca34cc6af.jpg,2026-02-08 04:54:48.144371+00,2,2026-02-08 02:09:07.215379,"",0.250,30,50,2
2c9716a7-c75a-48d0-88ed-9550950bcf7b,T-shirt ,M,Tradicional ,45.00,https://res.cloudinary.com/dkv36tk2k/image/upload/v1770516678/shopnaw_products/IMG3508_165f4ac3-1c8b-405d-9ad3-d9313f83c0c9.jpg,2026-02-08 04:54:48.144371+00,1,2026-02-08 02:11:19.091921,"",0.250,30,50,2
092925c6-1d40-4876-b85a-b066a3d18bf2,T-shirt,M,Tradicional ,45.00,https://res.cloudinary.com/dkv36tk2k/image/upload/v1770516718/shopnaw_products/IMG3509_a779ad8a-352e-436c-b9e5-fddb2fa16540.jpg,2026-02-08 04:54:48.144371+00,1,2026-02-08 02:11:59.451658,"",0.250,30,50,2
a79d19c1-ab34-44cc-852a-305e4884cd81,T-shirt ,M,Tradicional ,45,https://res.cloudinary.com/dkv36tk2k/image/upload/v1770516782/shopnaw_products/IMG3510_ae643bb4-1365-4f38-b89e-95b460282011.jpg,2026-02-08 04:54:48.144371+00,1,2026-02-08 02:13:03.133156,"",0.250,30,50,2
919354d2-3e33-4367-8ff8-fbd9d37c50aa,T-shirt,M,Tradicional ,45,https://res.cloudinary.com/dkv36tk2k/image/upload/v1770516857/shopnaw_products/IMG3512_8325c0b8-0fc9-466e-aa93-5f06378b322f.jpg,2026-02-08 04:54:48.144371+00,1,2026-02-08 02:14:17.92809,"",0.250,30,50,2
991c4d3a-a547-4e12-8aff-51115eaf7dab,T-shirt ,M,Tradicional ,45,https://res.cloudinary.com/dkv36tk2k/image/upload/v1770516908/shopnaw_products/IMG3513_f0f9d157-2edc-4da8-9780-875c64eaeccc.jpg,2026-02-08 04:54:48.144371+00,1,2026-02-08 02:15:08.653508,"",0.250,30,50,2
52ddec41-cd48-4758-830a-bf3064bdd190,T-shirt ,M,Regata,45,https://res.cloudinary.com/dkv36tk2k/image/upload/v1770517036/shopnaw_products/IMG3519_0044e605-bdb4-468b-91a1-21319ac5b49e.jpg,2026-02-08 04:54:48.144371+00,1,2026-02-08 02:17:16.543988,"",0.250,30,50,2
a994a3d2-2c91-4feb-a1ff-c32143250af1,T-shirt ,M,Regata,45,https://res.cloudinary.com/dkv36tk2k/image/upload/v1770517063/shopnaw_products/IMG3518_2dcf7bb1-e13e-42e2-b93c-fdd336bbf4f8.jpg,2026-02-08 04:54:48.144371+00,1,2026-02-08 02:17:44.383228,"",0.250,30,50,2
d9abc501-7803-4220-8b9f-5c5d1b328b52,T-shirt ,M,Tradicional ,45.00,https://res.cloudinary.com/dkv36tk2k/image/upload/v1770515627/shopnaw_products/IMG3497_bc3ec448-692c-4985-82a9-cf5ee09a5486.jpg,2026-02-08 04:54:48.144371+00,1,2026-02-08 01:53:47.830414,"",0.250,11,2,16
b1fa6f0a-492f-4571-8928-30f2598dfafd,T-shirt ,M,Tradicional ,45.00,https://res.cloudinary.com/dkv36tk2k/image/upload/v1770515674/shopnaw_products/IMG3498_b2a280b1-8b49-4610-8242-dd18164856cc.jpg,2026-02-08 04:54:48.144371+00,1,2026-02-08 01:54:34.747267,"",0.250,11,2,16
95d897a6-d849-4be1-bb3d-5239ab4aa605,T-shirt ,M,Tradicional ,45,https://res.cloudinary.com/dkv36tk2k/image/upload/v1770750971/shopnaw_products/IMG3562_9f1038b1-5f39-4926-a8fa-88d92fb29581.jpg,2026-02-08 04:54:48.144371+00,1,2026-02-10 19:16:13.234471,"",0.300,11,2,16
aa647bf9-35f1-4e88-ad32-64299568b8f2,T-shirt ,G,Regata,45,https://res.cloudinary.com/dkv36tk2k/image/upload/v1770751238/shopnaw_products/IMG3902_34b38f0f-8370-46d5-af2d-eb30ac4e64be.jpg,2026-02-08 04:54:48.144371+00,1,2026-02-10 19:20:39.285944,"",0.300,11,2,16
4b9945fd-f1f4-49be-bdd6-a872e5e727b6,T-shirt ,M,Tradicional ,45,https://res.cloudinary.com/dkv36tk2k/image/upload/v1770751356/shopnaw_products/IMG3860_5a4e0908-46a6-454a-b48f-ce6e92ba555a.jpg,2026-02-08 04:54:48.144371+00,1,2026-02-10 19:22:36.913442,"",0.300,11,2,16
988fe6c3-612d-45ea-a8f5-1133c05245fe,T-shirt ,G,Tradicional ,45,https://res.cloudinary.com/dkv36tk2k/image/upload/v1770751824/shopnaw_products/IMG3790_9af7b360-023d-40a0-80b9-908ce949a2e9.jpg,2026-02-08 04:54:48.144371+00,1,2026-02-10 19:30:25.529967,"",0.300,11,2,16
40dbb9ce-458c-4206-9a8f-37018004f084,T-shirt ,M,Regata,45,https://res.cloudinary.com/dkv36tk2k/image/upload/v1771386754/shopnaw_products/IMG4128_bee07983-01cf-4dad-8240-a77cf82f1454.jpg,2026-02-08 04:54:48.144371+00,1,2026-02-18 03:52:34.761158,"",0.300,11,2,16
665fa4cc-9b54-4730-bee5-05f3e242f1f3,T-shirt ,M,Regata,45,https://res.cloudinary.com/dkv36tk2k/image/upload/v1771386791/shopnaw_products/IMG4127_ff24a459-f02a-4139-841d-39e2f9e40bf1.jpg,2026-02-08 04:54:48.144371+00,1,2026-02-18 03:53:12.750227,"",0.300,11,2,16
7a178557-afe6-4539-812c-eb48ff94db3c,T-shirt,M,Gola alta,45,https://res.cloudinary.com/dkv36tk2k/image/upload/v1771386803/shopnaw_products/1000140250_b0f335cc-258f-4fa5-845f-1af92e531d61.jpg,2026-02-08 04:54:48.144371+00,1,2026-02-18 03:53:24.230759,"",0.300,11,2,16
76088f4f-cb50-49a4-8131-f6b7777449e2,T-shirt ,M,Gola alta,45,https://res.cloudinary.com/dkv36tk2k/image/upload/v1771386833/shopnaw_products/1000140247_a741121a-1238-4fe4-8cc4-1f5864fea187.jpg,2026-02-08 04:54:48.144371+00,1,2026-02-18 03:53:54.068346,"",0.300,11,2,16
12d59b88-27e3-449e-b191-7e6d3ce8d12a,T-shirt ,M,Gola alta,45,https://res.cloudinary.com/dkv36tk2k/image/upload/v1771386860/shopnaw_products/1000140261_05503636-93b8-413c-8514-e225cd38a43c.jpg,2026-02-08 04:54:48.144371+00,1,2026-02-18 03:54:21.201336,"",0.300,11,2,16
6bbc84e0-c580-469c-9ea6-6aea9e78c6ec,T-shirt ,M,Gola alta,45,https://res.cloudinary.com/dkv36tk2k/image/upload/v1771386886/shopnaw_products/1000140251_2b2239db-5807-47ec-86e6-134f7fcadc4a.jpg,2026-02-08 04:54:48.144371+00,1,2026-02-18 03:54:46.802953,"",0.300,11,2,16
3dee4685-4764-4f31-a09f-3f8e31d7f86d,T-shirt ,M,Gola alta,45,https://res.cloudinary.com/dkv36tk2k/image/upload/v1771386908/shopnaw_products/1000140249_ac139178-194f-48d7-8255-b57fc9704f33.jpg,2026-02-08 04:54:48.144371+00,1,2026-02-18 03:55:09.34188,"",0.300,11,2,16
b57b6f80-4f08-42a7-bb30-af7acbbc000e,T-shirt ,M,Gola alta,45,https://res.cloudinary.com/dkv36tk2k/image/upload/v1771386934/shopnaw_products/1000140248_a74e46a6-6f45-473e-9e5b-8a333b750052.jpg,2026-02-08 04:54:48.144371+00,1,2026-02-18 03:55:35.358713,"",0.300,11,2,16
e8577412-69d2-4eac-9cad-0e5a94876670,T-shirt ,M,Tradicional ,45,https://res.cloudinary.com/dkv36tk2k/image/upload/v1771387075/shopnaw_products/1000140270_fa11e2d2-8eb2-41a9-bc6e-eea54fe2effe.jpg,2026-02-08 04:54:48.144371+00,1,2026-02-18 03:57:55.6235,"",0.300,11,2,16
f3a1c3f1-2e90-4ce6-ad47-71415e9fedf8,T-shirt ,M,Tradicional ,45,https://res.cloudinary.com/dkv36tk2k/image/upload/v1771387100/shopnaw_products/1000140268_bfc5d557-9c64-449b-9a18-38fefb1c6e65.jpg,2026-02-08 04:54:48.144371+00,1,2026-02-18 03:58:21.446124,"",0.300,11,2,16
c4cf0271-623c-4cf8-9f11-ae077d48f78f,T-shirt ,M,Tradicional ,45,https://res.cloudinary.com/dkv36tk2k/image/upload/v1771387128/shopnaw_products/1000140267_e33ab18d-ce8f-419a-806c-42672a1c8225.jpg,2026-02-08 04:54:48.144371+00,1,2026-02-18 03:58:48.482793,"",0.300,11,2,16
3a856f15-cc8b-426a-9a79-48320a83de48,T-shirt ,M,Tradicional ,45,https://res.cloudinary.com/dkv36tk2k/image/upload/v1771387158/shopnaw_products/1000140265_2ca63e18-051e-43eb-9dc9-7f02002360b8.jpg,2026-02-08 04:54:48.144371+00,1,2026-02-18 03:59:19.367043,"",0.300,11,2,16
3c46d773-d3ad-4c3d-a07d-4d12e61470a8,T-shirt ,M,Tradicional ,45,https://res.cloudinary.com/dkv36tk2k/image/upload/v1771387183/shopnaw_products/1000140282_a8c001d6-39a5-4e8b-b4c2-3af9f9c046eb.jpg,2026-02-08 04:54:48.144371+00,1,2026-02-18 03:59:44.7507,"",0.300,11,2,16
7d2f6fa4-2f3f-404a-a4c1-0f241388bf89,T-shirt ,M,Tradicional ,45,https://res.cloudinary.com/dkv36tk2k/image/upload/v1771387237/shopnaw_products/1000140271_9d62630f-052e-4835-b72c-0fe00ef0d363.jpg,2026-02-08 04:54:48.144371+00,1,2026-02-18 04:00:38.533227,"",0.300,11,2,16
559a7953-7b83-4c4a-a05b-d336e85dcc51,T-shirt ,M,Tradicional ,45,https://res.cloudinary.com/dkv36tk2k/image/upload/v1771387271/shopnaw_products/1000140269_f28ffa94-b2b5-423d-82f0-5d2def4e4370.jpg,2026-02-08 04:54:48.144371+00,1,2026-02-18 04:01:11.749118,"",0.300,11,2,16
0caa09dd-d8ae-4c00-9bb1-9fae6963a400,Vestido ,M,Vestido,45,https://res.cloudinary.com/dkv36tk2k/image/upload/v1771387275/shopnaw_products/IMG4139_e73ac504-60c5-4223-aac1-d12de95a385b.jpg,2026-02-08 04:54:48.144371+00,1,2026-02-18 04:01:17.611866,"",0.300,11,2,16
eec5f9aa-1090-4284-ab52-409910319c88,T-shirt ,M,Tradicional ,45,https://res.cloudinary.com/dkv36tk2k/image/upload/v1771387292/shopnaw_products/1000140266_b51022ca-6d32-45b5-967b-6216a18705be.jpg,2026-02-08 04:54:48.144371+00,1,2026-02-18 04:01:33.249236,"",0.300,11,2,16
3be1aa4b-7b11-4fdb-a431-ee6132acfae2,T-shirt ,M,Tradicional ,45,https://res.cloudinary.com/dkv36tk2k/image/upload/v1771387314/shopnaw_products/IMG4140_c2465831-24e4-4922-b104-1937e4ca6b21.jpg,2026-02-08 04:54:48.144371+00,1,2026-02-18 04:01:54.756386,"",0.300,11,2,16
e693afba-d952-480e-9501-9db868ae5af3,T-shirt ,M,Tradicional ,45,https://res.cloudinary.com/dkv36tk2k/image/upload/v1771387352/shopnaw_products/1000140290_d2b26b40-b98d-4ab8-a545-29d8a4e65c21.jpg,2026-02-08 04:54:48.144371+00,1,2026-02-18 04:02:33.241292,"",0.300,11,2,16
8809cef0-0ffb-4ef3-9e19-0db711a451ef,T-shirt ,M,Tradicional ,45,https://res.cloudinary.com/dkv36tk2k/image/upload/v1771387375/shopnaw_products/1000140294_dbc3be18-339b-4703-8d90-0987bee8b06d.jpg,2026-02-08 04:54:48.144371+00,1,2026-02-18 04:02:55.770036,"",0.300,11,2,16
3a4590ca-ceda-4897-bd4f-3ca059728c98,T-shirt ,M,Tradicional ,45,https://res.cloudinary.com/dkv36tk2k/image/upload/v1771387396/shopnaw_products/1000140293_60429f83-07af-42d4-9442-88e592df67d2.jpg,2026-02-08 04:54:48.144371+00,1,2026-02-18 04:03:17.168018,"",0.300,11,2,16
59085cf3-1c16-49db-aa05-812fff6ec4aa,T-shirt ,M,Tradicional ,45,https://res.cloudinary.com/dkv36tk2k/image/upload/v1771387418/shopnaw_products/1000140292_a6830569-b5e3-41ff-bbaf-752bd858201e.jpg,2026-02-08 04:54:48.144371+00,1,2026-02-18 04:03:38.552076,"",0.300,11,2,16
b9c0aaa0-a938-40ca-995a-2b0ab9c5c14a,T-shirt ,M,Tradicional ,45,https://res.cloudinary.com/dkv36tk2k/image/upload/v1771387448/shopnaw_products/IMG4142_6a80b12c-410f-43fb-8d68-02cb27acb78a.jpg,2026-02-08 04:54:48.144371+00,1,2026-02-18 04:04:09.269376,"",0.300,11,2,16
e5b3d534-cc14-4356-8da8-e355f8d94d11,T-shirt ,M,Tradicional ,45,https://res.cloudinary.com/dkv36tk2k/image/upload/v1771387455/shopnaw_products/1000140291_28310f8a-524f-46af-b379-822be2d4c922.jpg,2026-02-08 04:54:48.144371+00,1,2026-02-18 04:04:15.967372,"",0.300,11,2,16
7a9247d1-ba17-45b7-9621-c21dae9b7a52,T-shirt ,M,Tradicional ,45,https://res.cloudinary.com/dkv36tk2k/image/upload/v1771387479/shopnaw_products/1000140289_c2e60455-4409-4b8e-9a19-7691c266bc06.jpg,2026-02-08 04:54:48.144371+00,1,2026-02-18 04:04:39.919413,"",0.300,11,2,16
da72789a-2503-4150-916e-32198733be31,T-shirt ,M,Tradicional ,45,https://res.cloudinary.com/dkv36tk2k/image/upload/v1771387482/shopnaw_products/IMG4141_0ff72fdd-ffea-451c-ac08-a2672ed6758d.jpg,2026-02-08 04:54:48.144371+00,1,2026-02-18 04:04:43.922676,"",0.300,11,2,16
e94b2c7f-b7bb-4952-8150-56695654ab6d,T-shirt ,M,Tradicional ,45,https://res.cloudinary.com/dkv36tk2k/image/upload/v1771387519/shopnaw_products/IMG4140_9803227d-42ee-41b1-b7fb-a3509fbfada7.jpg,2026-02-08 04:54:48.144371+00,1,2026-02-18 04:05:20.791578,"",0.300,11,2,16
4fe766fc-9ca1-4809-9a50-dc55117d68e6,T-shirt ,G,Tradicional ,45,https://res.cloudinary.com/dkv36tk2k/image/upload/v1771388522/shopnaw_products/IMG4178_63defb6b-dcab-48a9-b945-aab372bac452.jpg,2026-02-08 04:54:48.144371+00,1,2026-02-18 04:22:02.688387,"",0.300,11,2,16
f117aec6-2cee-4020-a077-8d9b66e4f720,T-shirt ,M,Max,45,https://res.cloudinary.com/dkv36tk2k/image/upload/v1771387678/shopnaw_products/IMG4150_420033fd-ce1f-4e4f-b575-7a9b89d1540e.jpg,2026-02-08 04:54:48.144371+00,1,2026-02-18 04:07:59.037345,"",0.300,11,2,16
2dc3e34f-5038-4246-b0d7-ea5123c461d5,T-shirt ,P,Tradicional ,45,https://res.cloudinary.com/dkv36tk2k/image/upload/v1771387830/shopnaw_products/IMG4159_e6d49cdb-e72b-4ae4-8b92-2fca79ca675c.jpg,2026-02-08 04:54:48.144371+00,1,2026-02-18 04:10:31.317621,"",0.300,11,2,16
209d557f-10d3-4557-b857-0b3def6335ba,T-shirt ,P,Tradicional ,45,https://res.cloudinary.com/dkv36tk2k/image/upload/v1771387862/shopnaw_products/IMG4158_af5e3377-b759-4fa2-9547-bb9f76a5b5ae.jpg,2026-02-08 04:54:48.144371+00,1,2026-02-18 04:11:03.483237,"",0.300,11,2,16
976c413a-2cb7-4364-9834-219470cb7032,T-shirt ,M,Tradicional ,45,https://res.cloudinary.com/dkv36tk2k/image/upload/v1771387950/shopnaw_products/1000140311_50a2e1b9-8483-4db3-b80a-824d70703b8d.jpg,2026-02-08 04:54:48.144371+00,1,2026-02-18 04:12:31.373296,"",0.300,11,2,16
de9ba3fa-1056-4f63-bbc2-fe4674de20d5,T-shirt ,G,Regata,45,https://res.cloudinary.com/dkv36tk2k/image/upload/v1771387990/shopnaw_products/IMG4160_0dd21ea0-9919-4d82-a3f0-56c9ed7ff0a9.jpg,2026-02-08 04:54:48.144371+00,1,2026-02-18 04:13:12.106446,"",0.300,11,2,16
e45a012c-00be-400a-a9fd-e5f40ea0ebc1,T-shirt ,G,Regata,45,https://res.cloudinary.com/dkv36tk2k/image/upload/v1771388033/shopnaw_products/IMG4161_240ee713-8b0b-4b7b-96b3-2389aa8c5e9a.jpg,2026-02-08 04:54:48.144371+00,1,2026-02-18 04:13:53.995359,"",0.300,11,2,16
d4e6e8b1-112d-4efc-b9cb-6b8195a53052,T-shirt ,G,Regata,44,https://res.cloudinary.com/dkv36tk2k/image/upload/v1771388120/shopnaw_products/IMG4164_685f430a-97e8-4d52-b394-07e435aa9f07.jpg,2026-02-08 04:54:48.144371+00,1,2026-02-18 04:15:20.93098,"",0.300,11,2,16
489e3a50-413c-4845-838b-0d17c0921019,T-shirt ,G,Gola alta,45,https://res.cloudinary.com/dkv36tk2k/image/upload/v1771388155/shopnaw_products/IMG4171_73186959-54f3-4078-b94a-768829ae3b89.jpg,2026-02-08 04:54:48.144371+00,1,2026-02-18 04:15:55.650269,"",0.300,11,2,16
a842a960-e280-49e8-bcfc-5686e5001fbd,T-shirt ,G,Gola alta,45,https://res.cloudinary.com/dkv36tk2k/image/upload/v1771388189/shopnaw_products/IMG4170_686022c9-a2d8-438c-8dbb-b10e2b13f127.jpg,2026-02-08 04:54:48.144371+00,1,2026-02-18 04:16:30.080572,"",0.300,11,2,16
8e5cfb88-3c96-414d-b769-4791938d3282,T-shirt ,G,Gola alta,45,https://res.cloudinary.com/dkv36tk2k/image/upload/v1771388271/shopnaw_products/IMG4169_01364d2f-bef4-4b54-90fe-845b7422b06c.jpg,2026-02-08 04:54:48.144371+00,1,2026-02-18 04:17:51.714348,"",0.300,11,2,16
9b81dff0-d716-46b4-8362-9cf404d82acb,T-shirt ,G,Gola alta,45,https://res.cloudinary.com/dkv36tk2k/image/upload/v1771388307/shopnaw_products/IMG4167_a8b5233c-0bb9-49e8-913b-79cf7bc1dfd2.jpg,2026-02-08 04:54:48.144371+00,1,2026-02-18 04:18:27.838409,"",0.300,11,1,16
66cb294d-a1de-4d0c-b863-6166df3217b6,T-shirt ,G,Gola alta,45,https://res.cloudinary.com/dkv36tk2k/image/upload/v1771388350/shopnaw_products/IMG4166_0040485c-fc6b-4752-add4-9dd46cc7c50d.jpg,2026-02-08 04:54:48.144371+00,1,2026-02-18 04:19:11.820335,"",0.300,11,2,16
dc409f20-7ffb-4b31-89dc-be490a1aa2e0,T-shirt ,G,Tradicional ,45,https://res.cloudinary.com/dkv36tk2k/image/upload/v1771388600/shopnaw_products/IMG4175_83b1f9a8-9458-4d13-b861-7e764c32dc05.jpg,2026-02-08 04:54:48.144371+00,1,2026-02-18 04:23:21.149622,"",0.300,11,2,16
070e33cd-b754-424f-aba3-9db03cf5f97f,T-shirt ,M,Tradicional ,45,https://res.cloudinary.com/dkv36tk2k/image/upload/v1771388613/shopnaw_products/1000140310_b7b4e5fc-e5aa-4424-87ed-301df0d8086c.jpg,2026-02-08 04:54:48.144371+00,1,2026-02-18 04:23:33.659445,"",0.300,11,2,16
29e8a91f-e2d0-44a8-b1df-4e589c541aa5,T-shirt,G,Tradicional ,44,https://res.cloudinary.com/dkv36tk2k/image/upload/v1771388631/shopnaw_products/IMG4174_05fa9e9f-4d44-4544-b8bf-0fddad15172d.jpg,2026-02-08 04:54:48.144371+00,1,2026-02-18 04:23:52.111224,"",0.300,11,2,16
d8f1cfc9-eaec-4267-8669-1cbb5c675f82,T-shirt ,M,Tradicional ,45,https://res.cloudinary.com/dkv36tk2k/image/upload/v1771388634/shopnaw_products/1000140309_25970c0a-1b28-43a0-868b-47b880a9a617.jpg,2026-02-08 04:54:48.144371+00,1,2026-02-18 04:23:54.977701,"",0.300,11,2,16
0b3378ca-afa0-4a9c-b113-0237ece6c28a,T-shirt ,M,Tradicional ,45,https://res.cloudinary.com/dkv36tk2k/image/upload/v1771388658/shopnaw_products/1000140308_74885ae8-b17e-403f-8b0f-37bbd82b8e66.jpg,2026-02-08 04:54:48.144371+00,1,2026-02-18 04:24:18.65934,"",0.300,11,2,16
6643e129-98ed-490d-8948-0788a1d79169,T-shirt ,G,Tradicional ,45,https://res.cloudinary.com/dkv36tk2k/image/upload/v1771388661/shopnaw_products/IMG4173_d80e01be-d6d1-4859-a19c-ae4603356608.png,2026-02-08 04:54:48.144371+00,1,2026-02-18 04:24:22.206576,"",0.300,11,2,16
c15df7d3-fe46-4f50-973f-cb766e11bbd8,T-shirt ,M,Tradicional ,45,https://res.cloudinary.com/dkv36tk2k/image/upload/v1771388681/shopnaw_products/1000140307_8b1de3ed-2043-4b11-b3e9-8547988b4af5.jpg,2026-02-08 04:54:48.144371+00,1,2026-02-18 04:24:41.696777,"",0.300,11,2,16
8251c02c-cc5f-49f6-80f0-ab55456976d4,T-shirt ,G,Vestido,80,https://res.cloudinary.com/dkv36tk2k/image/upload/v1771389416/shopnaw_products/IMG4207_09cb6d02-384b-4ff5-b892-b369b69af776.jpg,2026-02-08 04:54:48.144371+00,1,2026-02-18 04:36:57.133299,"",0.300,11,2,16
a03aba53-13e5-4f4c-8bf5-2ce73c181a56,Vestido ,G,Vestido,80,https://res.cloudinary.com/dkv36tk2k/image/upload/v1771389457/shopnaw_products/IMG4208_5645a2f1-0021-4e62-bffa-430512eebb52.jpg,2026-02-08 04:54:48.144371+00,1,2026-02-18 04:37:37.598478,"",0.300,11,2,16
0dc59a71-8c83-4447-ba40-16d44b1b3529,Vestido ,G,Vestido,80,https://res.cloudinary.com/dkv36tk2k/image/upload/v1771389489/shopnaw_products/IMG4209_639affef-731b-49dc-a988-0ae08de53a54.jpg,2026-02-08 04:54:48.144371+00,1,2026-02-18 04:38:10.237293,"",0.300,11,2,16
349dd1a6-4f39-4861-8f6e-a6fa94bfc490,Vestido ,G,Vestido,80,https://res.cloudinary.com/dkv36tk2k/image/upload/v1771389617/shopnaw_products/IMG4210_30b1850d-0207-4941-9bac-39dff56882ae.jpg,2026-02-08 04:54:48.144371+00,1,2026-02-18 04:40:18.00852,"",0.300,11,2,16
a91bf752-7772-46d2-a293-f3b8cd58efb9,Vestido,G,Vestido,80,https://res.cloudinary.com/dkv36tk2k/image/upload/v1771389676/shopnaw_products/IMG4211_126c1513-d5d1-411f-bc8a-ff4070214712.jpg,2026-02-08 04:54:48.144371+00,1,2026-02-18 04:41:17.064072,"",0.300,11,2,16
a0572de8-159b-4438-894f-2a640c216bd3,Vestido ,G,Vestido,80,https://res.cloudinary.com/dkv36tk2k/image/upload/v1771389706/shopnaw_products/IMG4212_5107fe78-b2a3-4950-af70-3e9cfae17f81.jpg,2026-02-08 04:54:48.144371+00,1,2026-02-18 04:41:46.795612,"",0.300,11,2,16
069a85d1-64fb-4883-8ebf-82feaab5eb93,T-shirt ,G,Tradicional ,45,https://res.cloudinary.com/dkv36tk2k/image/upload/v1771389734/shopnaw_products/1000140327_cf322439-b579-4d1c-b292-8c6b861d678f.jpg,2026-02-08 04:54:48.144371+00,1,2026-02-18 04:42:14.743827,"",0.300,11,2,16
aaa67fe2-4bd2-4667-891e-e89c82589abb,T-shirt ,G,Muscle,45,https://res.cloudinary.com/dkv36tk2k/image/upload/v1771389754/shopnaw_products/IMG4213_5a783a31-a557-4ab7-a5a1-50553c861832.jpg,2026-02-08 04:54:48.144371+00,1,2026-02-18 04:42:35.312467,"",0.300,11,2,16
091fa8cb-c8a9-47b1-888f-8e1da62a6ecb,T-shirt ,G,Tradicional ,45,https://res.cloudinary.com/dkv36tk2k/image/upload/v1771389777/shopnaw_products/1000140331_6de759c6-f181-4651-8084-6a5c6fc49ad3.jpg,2026-02-08 04:54:48.144371+00,1,2026-02-18 04:42:57.994048,"",0.300,11,2,16
0c3e832f-88c6-4bf2-8b57-3453ca4f4e25,T-shirt ,G,Muscle,45,https://res.cloudinary.com/dkv36tk2k/image/upload/v1771389786/shopnaw_products/IMG4214_14e570a1-9a57-4808-89a0-e4bc3b07016a.jpg,2026-02-08 04:54:48.144371+00,1,2026-02-18 04:43:07.07902,"",0.300,11,2,16
afb21ff4-ddf4-47ba-9dbe-4cd4040e86ff,T-shirt ,G,Tradicional ,45,https://res.cloudinary.com/dkv36tk2k/image/upload/v1771389803/shopnaw_products/1000140334_dc0f0ba9-0d64-42b7-ad99-05ce2e31720a.jpg,2026-02-08 04:54:48.144371+00,1,2026-02-18 04:43:24.135758,"",0.300,11,2,16
4f8c1810-d19b-4729-9fc3-7835f0a52dfc,T-shirt ,G,Tradicional ,45,https://res.cloudinary.com/dkv36tk2k/image/upload/v1771389831/shopnaw_products/1000140333_49542360-c4ed-478f-b526-74c16583000a.jpg,2026-02-08 04:54:48.144371+00,1,2026-02-18 04:43:51.70753,"",0.300,11,2,16
ea58d8d9-087b-4cdf-8718-a74ba41479ce,T-shirt ,G,Max,45,https://res.cloudinary.com/dkv36tk2k/image/upload/v1771389852/shopnaw_products/IMG4215_8dda3a9e-f766-4798-9a15-9a8f4d89c079.jpg,2026-02-08 04:54:48.144371+00,1,2026-02-18 04:44:13.304958,"",0.300,11,2,16
66d97440-5198-4901-86cc-1f48b6f1e82e,T-shirt ,G,Tradicional ,45,https://res.cloudinary.com/dkv36tk2k/image/upload/v1771389862/shopnaw_products/1000140332_cdc982f1-2a77-483b-ad3d-79c73c4351bf.jpg,2026-02-08 04:54:48.144371+00,1,2026-02-18 04:44:22.74323,"",0.300,11,2,16
2cfc6761-24b3-4f2a-a55e-99c0960884ad,T-shirt ,G,Tradicional ,45,https://res.cloudinary.com/dkv36tk2k/image/upload/v1771389893/shopnaw_products/1000140330_fe0dae13-a4d2-4c13-b167-009bda6f6464.jpg,2026-02-08 04:54:48.144371+00,1,2026-02-18 04:44:53.484346,"",0.300,11,2,16
cd3e02da-bca4-4cc1-b4c1-b27e983e35cc,T-shirt ,G,Tradicional ,45,https://res.cloudinary.com/dkv36tk2k/image/upload/v1771389922/shopnaw_products/1000140329_22b3d650-2c97-4dbc-ace9-417024cfda12.jpg,2026-02-08 04:54:48.144371+00,1,2026-02-18 04:45:22.837418,"",0.300,11,2,16
d039e194-cea3-4900-90e6-afe55d28eefb,T-shirt ,G,Tradicional ,45,https://res.cloudinary.com/dkv36tk2k/image/upload/v1771389950/shopnaw_products/1000140328_6629fe8a-e7a4-47f4-afa3-bba7fc94e86f.jpg,2026-02-08 04:54:48.144371+00,1,2026-02-18 04:45:51.305702,"",0.300,11,2,16
141d4ff2-be97-4b65-bb09-b34296186d31,T-shirt ,G,Tradicional ,45,https://res.cloudinary.com/dkv36tk2k/image/upload/v1771389974/shopnaw_products/1000140326_3e2c66b0-b242-4a29-abda-662a071b3902.jpg,2026-02-08 04:54:48.144371+00,1,2026-02-18 04:46:14.63534,"",0.300,11,2,16
004439b7-4144-404a-bac3-cffcc9c74309,T-shirt ,G,Tradicional ,45,https://res.cloudinary.com/dkv36tk2k/image/upload/v1771389997/shopnaw_products/1000140363_dfe35763-7c5f-43d3-9aab-020f48af37c8.jpg,2026-02-08 04:54:48.144371+00,1,2026-02-18 04:46:38.259503,"",0.300,11,2,16
932c721e-3b55-4e84-a869-f1799ba6cb02,T-shirt ,G,Tradicional ,45,https://res.cloudinary.com/dkv36tk2k/image/upload/v1771390027/shopnaw_products/1000140358_684de672-da42-4903-b17a-42a581881a54.jpg,2026-02-08 04:54:48.144371+00,1,2026-02-18 04:47:08.379864,"",0.300,11,2,16
9e2b6570-77e0-4da8-9352-91e843793048,T-shirt ,GG,Tradicional ,45,https://res.cloudinary.com/dkv36tk2k/image/upload/v1771390035/shopnaw_products/IMG4228_9ce022da-0af5-409a-808f-006fbb10df8f.jpg,2026-02-08 04:54:48.144371+00,1,2026-02-18 04:47:15.798354,"",0.300,11,2,16
7dfa3715-daf2-4cd7-9941-49ab6770b1f2,T-shirt ,G,Tradicional ,45,https://res.cloudinary.com/dkv36tk2k/image/upload/v1771390060/shopnaw_products/1000140357_8572959c-7db0-4b84-a200-64325dea425c.jpg,2026-02-08 04:54:48.144371+00,1,2026-02-18 04:47:40.716986,"",0.300,11,2,16
80bc9214-e872-426d-87f7-d70077422677,T-shirt ,GG,Tradicional ,45,https://res.cloudinary.com/dkv36tk2k/image/upload/v1771390065/shopnaw_products/IMG4227_2b416e5f-4363-4e07-9be3-a56a11248c67.jpg,2026-02-08 04:54:48.144371+00,1,2026-02-18 04:47:46.424251,"",0.300,11,2,16
7defab66-661a-49f9-9e9b-3d3937c43036,T-shirt ,G,Tradicional ,45,https://res.cloudinary.com/dkv36tk2k/image/upload/v1771390084/shopnaw_products/1000140356_52f01d48-d5fd-4da3-8c4a-01d159c3269d.jpg,2026-02-08 04:54:48.144371+00,1,2026-02-18 04:48:04.638268,"",0.300,11,2,16
c8437091-1a7f-43ea-8ec0-f780f81e71c5,T-shirt ,GG,Tradicional ,45,https://res.cloudinary.com/dkv36tk2k/image/upload/v1771390099/shopnaw_products/IMG4225_35eb8f31-c6a2-4be4-9b12-389922125bff.jpg,2026-02-08 04:54:48.144371+00,1,2026-02-18 04:48:20.158379,"",0.300,11,2,16
f8cb7ec6-5ffe-4587-b30c-7a3c64387b48,T-shirt ,G,Tradicional ,45,https://res.cloudinary.com/dkv36tk2k/image/upload/v1771390111/shopnaw_products/1000140355_aacc3751-e30c-4c7d-a926-c1389122d066.jpg,2026-02-08 04:54:48.144371+00,1,2026-02-18 04:48:31.807942,"",0.300,11,2,16
6f66c98a-e07b-4846-adac-ad00a63aed53,T-shirt ,G,Tradicional ,45,https://res.cloudinary.com/dkv36tk2k/image/upload/v1771390139/shopnaw_products/1000140354_80da3dee-e8c9-4336-9e40-6ade0b1ad8aa.jpg,2026-02-08 04:54:48.144371+00,1,2026-02-18 04:48:59.885529,"",0.300,11,2,16
6532d377-026e-4dc4-8921-19610d4edbb4,T-shirt ,GG,Tradicional ,45,https://res.cloudinary.com/dkv36tk2k/image/upload/v1771390145/shopnaw_products/IMG4224_bb45be5d-5afa-45a7-bf1b-f685bc83c0ab.jpg,2026-02-08 04:54:48.144371+00,1,2026-02-18 04:49:06.29123,"",0.300,11,2,16
da973d12-c4b4-4dad-bf44-57817701cce9,T-shirt ,G,Tradicional ,45,https://res.cloudinary.com/dkv36tk2k/image/upload/v1771390164/shopnaw_products/1000140367_ce2a2c71-642d-40ef-9d43-1619ea401b48.jpg,2026-02-08 04:54:48.144371+00,1,2026-02-18 04:49:25.643168,"",0.300,11,2,16
ae52ffb1-3a8d-40c3-bd7d-1f6794964166,T-shirt ,GG,Tradicional ,45,https://res.cloudinary.com/dkv36tk2k/image/upload/v1771390180/shopnaw_products/IMG4223_1c5bd026-b29d-4e0c-8f7c-30ec7593670f.jpg,2026-02-08 04:54:48.144371+00,1,2026-02-18 04:49:41.116197,"",0.300,11,2,16
933d59e6-bf61-4ea6-a5c1-ff815d23474c,T-shirt ,G,Tradicional ,45,https://res.cloudinary.com/dkv36tk2k/image/upload/v1771390187/shopnaw_products/1000140364_0a51af0a-35f7-4a20-ae34-567f2cc6dbd7.jpg,2026-02-08 04:54:48.144371+00,1,2026-02-18 04:49:48.303542,"",0.300,11,2,16
a4da7364-6cd8-4b8e-9e82-dd16f2bb1b7e,T-shirt ,GG,Tradicional ,45,https://res.cloudinary.com/dkv36tk2k/image/upload/v1771390207/shopnaw_products/IMG4222_67faa553-2ab1-47ef-b380-c8c0cb56ef51.jpg,2026-02-08 04:54:48.144371+00,1,2026-02-18 04:50:08.041856,"",0.300,11,2,16
2bfc9146-c4f3-4641-902e-afa748cf849f,T-shirt ,G,Tradicional ,45,https://res.cloudinary.com/dkv36tk2k/image/upload/v1771390225/shopnaw_products/1000140362_b4a43a9f-1454-40a5-9189-9de166336bbb.jpg,2026-02-08 04:54:48.144371+00,1,2026-02-18 04:50:26.09471,"",0.300,11,2,16
bb307c44-7e07-4054-aaa9-8f88ae2a8b2e,T-shirt ,GG,Tradicional ,45,https://res.cloudinary.com/dkv36tk2k/image/upload/v1771390239/shopnaw_products/IMG4221_52a52241-a9c6-4ae0-a764-b14cd594f06d.jpg,2026-02-08 04:54:48.144371+00,1,2026-02-18 04:50:44.441796,"",0.300,11,2,16
3f5bf15c-0430-40ae-ae05-15fd79ffc8b4,T-shirt ,G,Tradicional ,45,https://res.cloudinary.com/dkv36tk2k/image/upload/v1771390278/shopnaw_products/1000140359_f8ac65b8-12b2-4629-8ad3-73468b6317b2.jpg,2026-02-08 04:54:48.144371+00,1,2026-02-18 04:51:18.392911,"",0.300,11,2,16
31aac68b-24e3-47b8-949d-32c03468a25f,T-shirt ,G,Tradicional ,45,https://res.cloudinary.com/dkv36tk2k/image/upload/v1771390300/shopnaw_products/1000140353_56a12d4a-959a-4e7d-8696-a5322a85e82e.jpg,2026-02-08 04:54:48.144371+00,1,2026-02-18 04:51:41.312386,"",0.300,11,2,16
263c8733-f7be-4fbf-a7e1-de3951bee8c5,T-shirt ,GG,Tradicional ,44,https://res.cloudinary.com/dkv36tk2k/image/upload/v1771390350/shopnaw_products/IMG4220_c60f9c23-8042-4c8d-b176-e248cc722dc8.jpg,2026-02-08 04:54:48.144371+00,1,2026-02-18 04:52:30.663335,"",0.300,11,2,16
3c5158d1-0f12-479d-99cf-262198e8916c,T-shirt ,GG,Tradicional ,44,https://res.cloudinary.com/dkv36tk2k/image/upload/v1771390389/shopnaw_products/IMG4219_4a676cd7-f135-4453-9711-28cd02d52df5.jpg,2026-02-08 04:54:48.144371+00,1,2026-02-18 04:53:09.934095,"",0.300,11,2,16
33a3882e-1b09-4f29-b7bb-247ed04cab07,T-shirt ,GG,Tradicional ,45,https://res.cloudinary.com/dkv36tk2k/image/upload/v1771390422/shopnaw_products/IMG4218_65b8008e-c43e-4365-8323-53250eafa620.jpg,2026-02-08 04:54:48.144371+00,1,2026-02-18 04:53:43.616005,"",0.300,11,2,16
